{
	"info": {
		"_postman_id": "3c38ed82-5a6c-4e19-b1dd-2d66b2738f51",
		"name": "Biblioteca",
		"schema": "https://schema.getpostman.com/json/collection/v2.1.0/collection.json",
		"_exporter_id": "26055224",
		"_collection_link": "https://martian-station-561895.postman.co/workspace/Team-Workspace~db4d4793-a70f-4f98-8a22-060a7110f956/collection/26055224-3c38ed82-5a6c-4e19-b1dd-2d66b2738f51?action=share&creator=26055224&source=collection_link"
	},
	"item": [
		{
			"name": "localhost:8080/biblioteca/escritores",
			"request": {
				"method": "GET",
				"header": [],
				"url": {
					"raw": "localhost:8080/biblioteca/escritores",
					"host": [
						"localhost"
					],
					"port": "8080",
					"path": [
						"biblioteca",
						"escritores"
					]
				}
			},
			"response": []
		},
		{
			"name": "localhost:8080/biblioteca/livros",
			"request": {
				"method": "GET",
				"header": [],
				"url": {
					"raw": "localhost:8080/biblioteca/livros",
					"host": [
						"localhost"
					],
					"port": "8080",
					"path": [
						"biblioteca",
						"livros"
					]
				}
			},
			"response": []
		},
		{
			"name": "localhost:8080/biblioteca/escritores",
			"request": {
				"method": "POST",
				"header": [],
				"body": {
					"mode": "raw",
					"raw": "{\r\n    \"nome\": \"Guilherme\"\r\n}",
					"options": {
						"raw": {
							"language": "json"
						}
					}
				},
				"url": {
					"raw": "localhost:8080/biblioteca/escritores",
					"host": [
						"localhost"
					],
					"port": "8080",
					"path": [
						"biblioteca",
						"escritores"
					]
				}
			},
			"response": []
		},
		{
			"name": "localhost:8080/biblioteca/livros/ordem-lancamento",
			"request": {
				"method": "GET",
				"header": [],
				"url": {
					"raw": "localhost:8080/biblioteca/livros/ordem-lancamento",
					"host": [
						"localhost"
					],
					"port": "8080",
					"path": [
						"biblioteca",
						"livros",
						"ordem-lancamento"
					]
				}
			},
			"response": []
		}
	]
}